Employee1ID,Employee2ID
E977963,E268940
E977963,E300042
E977963,E517954
E977963,E869756
E977963,E582765
E977963,E633887
E977963,E345348
E977963,E472027
E268940,E300042
E268940,E517954
E268940,E582765
E268940,E992131
E268940,E633887
E268940,E345348
E268940,E472027
E202184,E582765
E202184,E992131
E850517,E517954
E850517,E992131
E300042,E633887
E300042,E472027
E517954,E992131
E517954,E345348
E869756,E633887
E869756,E472027
E582765,E992131
E633887,E345348
E633887,E472027
E471265,E784839
E471265,E766741
E471265,E070207
E552220,E784839
E552220,E766741
E552220,E070207
E784839,E070207
E938070,E922514
E938070,E330237
E922514,E330237
E308909,E573613
E843220,E332565
E843220,E241074
E843220,E158360
E843220,E121865
E843220,E960776
E843220,E670123
E332565,E498409
E332565,E121865
E332565,E055671
E332565,E670123
E542958,E023516
E542958,E936416
E314332,E459306
E119608,E287377
E157081,E616101
E157081,E450794
E157081,E415320
E616101,E450794
E450794,E415320
E498409,E241074
E498409,E158360
E498409,E121865
E498409,E960776
E498409,E670123
E241074,E158360
E241074,E121865
E241074,E960776
E241074,E055671
E241074,E670123
E158360,E121865
E158360,E960776
E158360,E055671
E121865,E055671
E121865,E670123
E766741,E070207
E960776,E670123
E191084,E513119
E191084,E410231
E018338,E305490
E018338,E382751
E018338,E943255
E018338,E069217
E018338,E253026
E018338,E283384
E018338,E389627
E018338,E064317
E354056,E305490
E354056,E382751
E354056,E253026
E354056,E283384
E354056,E389627
E305490,E943255
E305490,E069217
E305490,E283384
E305490,E389627
E305490,E064317
E382751,E130389
E382751,E069217
E382751,E283384
E382751,E389627
E943255,E130389
E943255,E253026
E943255,E283384
E943255,E389627
E943255,E064317
E130389,E253026
E069217,E253026
E069217,E283384
E069217,E389627
E069217,E064317
E253026,E283384
E253026,E389627
E655753,E753228
E380388,E771476
E380388,E279572
E771476,E279572
E771476,E753228
E279572,E753228
E957384,E253310
E253310,E402003
E638368,E953733
E638368,E061166
E638368,E083015
E953733,E061166
E953733,E083015
E061166,E083015
E014660,E627557
E014660,E420746
E014660,E632997
E627557,E770788
E770788,E632997
E662790,E589302
E681055,E448427
E681055,E084704
E681055,E589302
E448427,E084704
E313199,E566915
E313199,E543905
E185992,E873180
E185992,E182592
E185992,E395453
E185992,E751612
E185992,E708459
E185992,E499657
E185992,E881428
E185992,E816314
E185992,E207920
E873180,E940886
E873180,E395453
E873180,E865076
E873180,E751612
E873180,E708459
E873180,E655383
E873180,E499657
E873180,E816314
E873180,E253889
E873180,E207920
E940886,E395453
E940886,E270166
E940886,E655383
E940886,E499657
E940886,E207920
E282998,E189550
E282998,E909720
E282998,E874261
E282998,E467967
E282998,E859446
E282998,E820865
E189550,E909720
E189550,E467967
E189550,E820865
E909720,E480723
E909720,E820865
E155015,E506570
E155015,E472669
E155015,E074690
E155015,E718169
E506570,E472669
E506570,E074690
E874261,E467967
E874261,E859446
E467967,E859446
E467967,E480723
E467967,E820865
E859446,E480723
E480723,E820865
E061632,E947585
E061632,E831200
E061632,E899024
E061632,E771156
E947585,E902414
E947585,E774112
E947585,E899024
E947585,E023790
E831200,E902414
E831200,E899024
E831200,E771156
E831200,E023790
E902414,E041473
E902414,E774112
E902414,E899024
E902414,E771156
E041473,E774112
E041473,E771156
E041473,E023790
E774112,E771156
E899024,E771156
E899024,E023790
E771156,E023790
E546505,E944404
E546505,E453905
E546505,E460321
E944404,E453905
E944404,E050883
E944404,E460321
E453905,E050883
E453905,E460321
E050883,E460321
E044310,E717033
E044310,E135555
E717033,E135555
E135555,E988981
E393004,E927582
E393004,E410691
E393004,E637539
E927582,E410691
E927582,E543947
E410691,E543947
E410691,E637539
E543947,E637539
E731274,E313719
E731274,E652020
E313719,E652020
E652020,E741730
E905272,E963695
E905272,E981637
E905272,E775021
E905272,E428266
E983845,E963695
E983845,E981637
E963695,E288211
E963695,E428266
E288211,E981637
E288211,E775021
E288211,E428266
E338731,E103682
E338731,E082852
E338731,E435827
E103682,E082852
E103682,E435827
E082852,E435827
E340160,E239584
E759450,E845329
E239584,E845329
E981637,E428266
E775021,E428266
E694643,E071976
E694643,E517345
E694643,E885984
E694643,E318391
E694643,E820040
E694643,E258024
E071976,E517345
E071976,E885984
E071976,E318391
E071976,E445040
E517345,E885984
E517345,E318391
E517345,E258024
E517345,E445040
E182592,E395453
E182592,E865076
E182592,E270166
E182592,E751612
E182592,E708459
E182592,E881428
E182592,E253889
E182592,E207920
E395453,E865076
E395453,E270166
E395453,E751612
E395453,E708459
E395453,E655383
E395453,E881428
E395453,E253889
E395453,E207920
E865076,E270166
E865076,E751612
E865076,E708459
E865076,E499657
E865076,E881428
E865076,E207920
E270166,E751612
E270166,E708459
E270166,E655383
E270166,E499657
E270166,E816314
E270166,E253889
E751612,E708459
E751612,E655383
E751612,E499657
E751612,E881428
E751612,E816314
E751612,E253889
E751612,E207920
E885984,E318391
E885984,E820040
E885984,E445040
E318391,E820040
E606212,E487504
E606212,E595374
E606212,E737474
E606212,E689877
E606212,E802361
E606212,E366878
E487504,E595374
E487504,E689877
E487504,E355166
E013812,E689877
E013812,E366878
E595374,E689877
E595374,E802361
E595374,E366878
E283384,E064317
E389627,E064317
E554049,E864782
E554049,E858182
E858182,E309995
E737474,E355166
E689877,E355166
E366878,E355166
E708459,E499657
E708459,E881428
E708459,E253889
E708459,E207920
E655383,E499657
E655383,E881428
E655383,E816314
E655383,E207920
E499657,E881428
E499657,E207920
E881428,E816314
E816314,E207920
E370337,E413314
E370337,E918589
E726724,E353453
E726724,E808466
E150336,E735599
E150336,E169926
E150336,E366306
E150336,E295503
E284720,E307884
E284720,E295946
E284720,E440196
E284720,E589506
E536010,E362147
E536010,E703984
E536010,E200670
E536010,E632762
E068422,E083750
E068422,E680333
E068422,E969780
E068422,E748647
E408839,E742099
E408839,E395255
E408839,E563963
E408839,E499801
E408839,E132820
E861630,E006202
E861630,E788426
E861630,E704134
E861630,E708977
E554326,E883870
E554326,E495663
E554326,E149231
E554326,E933670
E562809,E271340
E562809,E929472
E883870,E353453
E883870,E149231
E883870,E282049
E883870,E634957
E883870,E214303
E875826,E891044
E875826,E124068
E875826,E474166
E875826,E665354
E875826,E268537
E639124,E019683
E639124,E385177
E639124,E114548
E639124,E897374
E639124,E093354
E891044,E163822
E891044,E399648
E891044,E582582
E891044,E508049
E642110,E033323
E642110,E428155
E642110,E996288
E642110,E780546
E642110,E788210
E330317,E097861
E330317,E120905
E330317,E362147
E961847,E915908
E961847,E404677
E756355,E462659
E756355,E730063
E770986,E917614
E770986,E186838
E770986,E090427
E770986,E631160
E770986,E747130
E006202,E644509
E006202,E906500
E006202,E330877
E006202,E811552
E930442,E120905
E930442,E039431
E930442,E710503
E930442,E178402
E487412,E515407
E487412,E368351
E487412,E490549
E487412,E491095
E902928,E535155
E902928,E811189
E902928,E471256
E162228,E351363
E162228,E227339
E162228,E371068
E162228,E869119
E945336,E873309
E945336,E833538
E945336,E713932
E945336,E897405
E621660,E236141
E621660,E087735
E621660,E266294
E621660,E529667
E737530,E615516
E737530,E336750
E737530,E889925
E737530,E871814
E919247,E755488
E919247,E844706
E862784,E097861
E862784,E222092
E862784,E509117
E862784,E435742
E189883,E510368
E189883,E851143
E189883,E514092
E602955,E639124
E602955,E019683
E222352,E663657
E222352,E691030
E186838,E739528
E186838,E805679
E186838,E349480
E186838,E119300
E188933,E582582
E188933,E078663
E188933,E704691
E188933,E073486
E188933,E191878
E335635,E517103
E335635,E958082
E335635,E875826
E242659,E483647
E242659,E922365
E358515,E545174
E358515,E384701
E358515,E883023
E233950,E215408
E233950,E991816
E233950,E289923
E233950,E312344
E233950,E163286
E783284,E003488
E783284,E696015
E783284,E394770
E821994,E485457
E821994,E888434
E821994,E547692
E871814,E589541
E871814,E137575
E871814,E497953
E871814,E693744
E526483,E912173
E526483,E097861
E526483,E202473
E563963,E236806
E563963,E453120
E563963,E361385
E563963,E231895
E221831,E765224
E221831,E053426
E221831,E919896
E221831,E784992
E221831,E770986
E330022,E349480
E330022,E857174
E476776,E255625
E476776,E199466
E476776,E399153
E476776,E044115
E476776,E279057
E976447,E843959
E976447,E401144
E976447,E969780
E676842,E282719
E676842,E883870
E676842,E288762
E676842,E293695
E772804,E464305
E772804,E538837
E605010,E844706
E605010,E111458
E605010,E076912
E844706,E052784
E844706,E413567
E844706,E076912
E004004,E752280
E004004,E838293
E004004,E110542
E004004,E922365
E808466,E717387
E808466,E202278
E808466,E969024
E808466,E231895
E844948,E878845
E844948,E576097
E844948,E996127
E844948,E644259
E844948,E467780
E865823,E621660
E865823,E467674
E865823,E092924
E471453,E185738
E471453,E508049
E471453,E191878
E471453,E384501
E397704,E073214
E397704,E989080
E397704,E006202
E397704,E185184
E397704,E256487
E642849,E499487
E642849,E170228
E642849,E782654
E108350,E595679
E108350,E448593
E281144,E142263
E281144,E464300
E405803,E514092
E405803,E589541
E766802,E126540
E766802,E611161
E443387,E508049
E443387,E283141
E443387,E540857
E262215,E358515
E262215,E937032
E262215,E058712
E262215,E497590
E262215,E727973
E338393,E126519
E338393,E509117
E125624,E679261
E125624,E519879
E125624,E840443
E125624,E215583
E205181,E735599
E205181,E396971
E639839,E644703
E639839,E408341
E639839,E456333
E639839,E937032
E639839,E545174
E517611,E655828
E517611,E933865
E517611,E614785
E517611,E991256
E517611,E214028
E764237,E372139
E764237,E329019
E764237,E027517
E336750,E932451
E336750,E971115
E336750,E491128
E609649,E215583
E609649,E181184
E918589,E363529
E918589,E026717
E918589,E090916
E448593,E041268
E448593,E326993
E448593,E504793
E981285,E665354
E981285,E599158
E981285,E232619
E981285,E842659
E981285,E787718
E471782,E665662
E471782,E983862
E471782,E701164
E891187,E766745
E891187,E210638
E891187,E535155
E891187,E752280
E891187,E538949
E545174,E892818
E545174,E285856
E545174,E386904
E545174,E038473
E222443,E326300
E222443,E642849
E222443,E743235
E222443,E233950
E222443,E395052
E399153,E866711
E399153,E252309
E399153,E344750
E106264,E068640
E106264,E150336
E106264,E106125
E106264,E476667
E106264,E264523
E948603,E968437
E948603,E186536
E948603,E316999
E019683,E915767
E019683,E547929
E019683,E380510
E073486,E415013
E073486,E540857
E073486,E216928
E792526,E312344
E792526,E896104
E792526,E181184
E349480,E221831
E349480,E053426
E349480,E106733
E227339,E344497
E227339,E080752
E227339,E114341
E384501,E875826
E384501,E144647
E384501,E269446
E384501,E158209
E384501,E217727
E978489,E656687
E978489,E891735
E978489,E610994
E978489,E352051
E978489,E791082
E267216,E326124
E267216,E430870
E267216,E307362
E267216,E008964
E074198,E261792
E074198,E824072
E074198,E508049
E074198,E724748
E712188,E222352
E712188,E904144
E712188,E631007
E712188,E216544
E712188,E201825
E616117,E519649
E616117,E626678
E616117,E068422
E137002,E680333
E137002,E477735
E137002,E069770
E137002,E782654
E137002,E068422
E811552,E397704
E811552,E171729
E158209,E704691
E158209,E047338
E158209,E232619
E158209,E417825
E158209,E485457
E395052,E540864
E395052,E443628
E395052,E642849
E395052,E736513
E407570,E609730
E407570,E518031
E407570,E256762
E003781,E487621
E003781,E552259
E003781,E884125
E003781,E507518
E003781,E760008
E991816,E271340
E991816,E395052
E991816,E069770
E487621,E228746
E487621,E185184
E487621,E299262
E661332,E188660
E661332,E838544
E788426,E410709
E788426,E776447
E788426,E397704
E764326,E487621
E764326,E889529
E279057,E927512
E279057,E641843
E279057,E286308
E922365,E755488
E922365,E538949
E467674,E621660
E467674,E915297
E467674,E338209
E467674,E302951
E467674,E381744
E720652,E831483
E720652,E312344
E720652,E642849
E720652,E021934
E933833,E028570
E933833,E130055
E933833,E053253
E933833,E525440
E933833,E267748
E453120,E679935
E453120,E054851
E453120,E554326
E453120,E969024
E005461,E111458
E005461,E242659
E185071,E043764
E185071,E214060
E185071,E000283
E401144,E404677
E401144,E648493
E386527,E256487
E386527,E899709
E386527,E889584
E386527,E185184
E069770,E929472
E069770,E170228
E069770,E399691
E923438,E476776
E923438,E621382
E923438,E927512
E070719,E196880
E070719,E769240
E070719,E222352
E070719,E658449
E070719,E352405
E609354,E554876
E609354,E713996
E293695,E563963
E163286,E170228
E163286,E243354
E163286,E287613
E163286,E648493
E163286,E813452
E514092,E124296
E514092,E188668
E514092,E983296
E514092,E104128
E181628,E615516
E181628,E499414
E181628,E550036
E181628,E632122
E296720,E667981
E296720,E094395
E709561,E869942
E709561,E969780
E709561,E430818
E709561,E482128
E180248,E803207
E180248,E451881
E219782,E731911
E219782,E073486
E219782,E269446
E219782,E821994
E219782,E787718
E020507,E189883
E020507,E550036
E020507,E094395
E020507,E871814
E882843,E843959
E882843,E679261
E186536,E968437
E186536,E230616
E186536,E436649
E186536,E311540
E980025,E284720
E980025,E271293
E980025,E983296
E980025,E295720
E980025,E932451
E477595,E424494
E477595,E167621
E477595,E595679
E829675,E990608
E829675,E188933
E829675,E842659
E157774,E324109
E157774,E071371
E157774,E123674
E157774,E147170
E157774,E003488
E228746,E956360
E228746,E068957
E228746,E332025
E228746,E350051
E228746,E133227
E364556,E442596
E364556,E878845
E364556,E152675
E364556,E304016
E364556,E677881
E968437,E590594
E968437,E256762
E968437,E666910
E968437,E759000
E968437,E151202
E318621,E384501
E318621,E482247
E318621,E283141
E431626,E476667
E431626,E107986
E646698,E156433
E646698,E801680
E972389,E491128
E972389,E137575
E676159,E043764
E676159,E168763
E676159,E598741
E676159,E705174
E676159,E011880
E660248,E149382
E660248,E621660
E660248,E083976
E660248,E212366
E664329,E679935
E664329,E212440
E664329,E288762
E582449,E726724
E582449,E408839
E582449,E273466
E533806,E924514
E533806,E537186
E533806,E357668
E533806,E640523
E898128,E590594
E898128,E230616
E898128,E505087
E898128,E262807
E898128,E890851
E278128,E111458
E278128,E064224
E278128,E152955
E563819,E098158
E563819,E849772
E476540,E135683
E476540,E569371
E476540,E387703
E476540,E897374
E112632,E920326
E112632,E978967
E112632,E284720
E295377,E068422
E295377,E793710
E289923,E817192
E289923,E169518
E247985,E349480
E247985,E802403
E247985,E803207
E540864,E145313
E540864,E192106
E540864,E137002
E540864,E961847
E540864,E756392
E925634,E119288
E925634,E968437
E925634,E509335
E925634,E807928
E925634,E878899
E415092,E735599
E415092,E690064
E415092,E497343
E868376,E157174
E868376,E730063
E868376,E712941
E868376,E226385
E868376,E003608
E569371,E265369
E569371,E897374
E212440,E217071
E212440,E726724
E212440,E679935
E212440,E395255
E212440,E883870
E273542,E596445
E273542,E865756
E273542,E353453
E942609,E669459
E942609,E536010
E942609,E126519
E683222,E185071
E683222,E616136
E003488,E670937
E003488,E177180
E003488,E329547
E044398,E602955
E044398,E915767
E044398,E414414
E044398,E976429
E504310,E415491
E504310,E482128
E504310,E847204
E504310,E967384
E976429,E938756
E976429,E670247
E976429,E043661
E815016,E413314
E815016,E632961
E366306,E474675
E366306,E396971
E366306,E690064
E366306,E840916
E366306,E337653
E023589,E556181
E023589,E838293
E023589,E099478
E023589,E328233
E023589,E902928
E790650,E467674
E790650,E640523
E750291,E232815
E750291,E071939
E750291,E663657
E750291,E691030
E750291,E259758
E645285,E111458
E645285,E902928
E781525,E199466
E781525,E072001
E781525,E386920
E781525,E446653
E149231,E679935
E149231,E808466
E149231,E395255
E299262,E763885
E299262,E311344
E299262,E350051
E299262,E837193
E756392,E532757
E756392,E057498
E756392,E068422
E705174,E937754
E705174,E679432
E015104,E669422
E015104,E845919
E356768,E043661
E356768,E421939
E356768,E418858
E356768,E265369
E097123,E344750
E097123,E989141
E525440,E815016
E525440,E028570
E525440,E026352
E341941,E792074
E341941,E529667
E527929,E825196
E527929,E509335
E527929,E890851
E527099,E790650
E527099,E865823
E527099,E552514
E527099,E792074
E889529,E703871
E889529,E236384
E889529,E884125
E021513,E907830
E021513,E486135
E021513,E548754
E021513,E473868
E021513,E162228
E774011,E467149
E774011,E792170
E261792,E659035
E261792,E490081
E261792,E188933
E529667,E149382
E529667,E533806
E529667,E208982
E529667,E671614
E519649,E979048
E519649,E215408
E519649,E750893
E578631,E123297
E578631,E843959
E578631,E169518
E578631,E187551
E578631,E626435
E066047,E670937
E066047,E394770
E066047,E935386
E925579,E862290
E925579,E158209
E925579,E875826
E212276,E401052
E212276,E202278
E212276,E933670
E212276,E231895
E212276,E495663
E669422,E411730
E669422,E073214
E669422,E561010
E669422,E003781
E746295,E902928
E746295,E023589
E746295,E838293
E547692,E144647
E547692,E770199
E547692,E261792
E547692,E415013
E043764,E679432
E344497,E162228
E344497,E486135
E344497,E021513
E344497,E305206
E344497,E080752
E039431,E669459
E039431,E517121
E579432,E366306
E579432,E107986
E579432,E090205
E579432,E396971
E579432,E150336
E563227,E929472
E563227,E401144
E936929,E878899
E936929,E518031
E114341,E950708
E114341,E162228
E114341,E305206
E114341,E351363
E114341,E950942
E675117,E607744
E675117,E642110
E675117,E952490
E253110,E409732
E253110,E111458
E253110,E452307
E253110,E372139
E253110,E041701
E611161,E669459
E611161,E126540
E611161,E540388
E599158,E770199
E599158,E862290
E829662,E232815
E829662,E750291
E829662,E352405
E829662,E222352
E829662,E904144
E860762,E311540
E860762,E234312
E860762,E407570
E860762,E622576
E860762,E948603
E468099,E055560
E468099,E227339
E468099,E486135
E958082,E659035
E958082,E138826
E863629,E809136
E863629,E538949
E863629,E076912
E863629,E752280
E996139,E027378
E996139,E871814
E644703,E199081
E644703,E572486
E644703,E705309
E865250,E193551
E865250,E889925
E865250,E632122
E399691,E929472
E399691,E160064
E399691,E395052
E399691,E430818
E399691,E482128
E430954,E510368
E430954,E103007
E430954,E466503
E430954,E911703
E430954,E589541
E534619,E933833
E534619,E026717
E534619,E090916
E636206,E772580
E636206,E315637
E636206,E821027
E083750,E289923
E083750,E469662
E843959,E142010
E843959,E284382
E843959,E530630
E843959,E777748
E843959,E430761
E590677,E609730
E590677,E537427
E590677,E933865
E590677,E410581
E703871,E133227
E703871,E003781
E703871,E967299
E703871,E837193
E897405,E794130
E897405,E534619
E897405,E186510
E747399,E282049
E747399,E288762
E747399,E066503
E747399,E361385
E747399,E845666
E467149,E935148
E467149,E728137
E467149,E027498
E750893,E626678
E750893,E169518
E750893,E720652
E750893,E609649
E750893,E991816
E593890,E108350
E593890,E968194
E593890,E645165
E593890,E041268
E972607,E770986
E972607,E821246
E865253,E535155
E865253,E754724
E171729,E788426
E171729,E073214
E171729,E236384
E171729,E474082
E171729,E525346
E712941,E019694
E712941,E010693
E712941,E801680
E712941,E193352
E410581,E369445
E410581,E860762
E411273,E191029
E411273,E089682
E411273,E058712
E411273,E358515
E411273,E702016
E941892,E814428
E941892,E205504
E267894,E006202
E267894,E801862
E267894,E478571
E267894,E644509
E267894,E560545
E993077,E324109
E993077,E423576
E993077,E874322
E993077,E079158
E369229,E621382
E369229,E785953
E369229,E255625
E369229,E072001
E369229,E874115
E148741,E308555
E148741,E083750
E148741,E187551
E859670,E967384
E859670,E648493
E859670,E092730
E859670,E556895
E859670,E337799
E917614,E802403
E917614,E784992
E917614,E025087
E917614,E615700
E424494,E748894
E424494,E478033
E424494,E595679
E424494,E961931
E413314,E918589
E413314,E945336
E413314,E267748
E413314,E794130
E413314,E939079
E659274,E608271
E659274,E776992
E659274,E494503
E476161,E911703
E476161,E101409
E461936,E316715
E461936,E357879
E461936,E514092
E874322,E324109
E874322,E873757
E874322,E696015
E874322,E332513
E874322,E670937
E887087,E621382
E887087,E476776
E887087,E399153
E887087,E978270
E887087,E708775
E598741,E475653
E598741,E683222
E598741,E170020
E598741,E011880
E845666,E401052
E845666,E293695
E845666,E149231
E845666,E016003
E845666,E808466
E215321,E386920
E215321,E621382
E215321,E319528
E655828,E537231
E655828,E759000
E655828,E948603
E655828,E699608
E655828,E975151
E128419,E197905
E128419,E185071
E825196,E537231
E825196,E262807
E815172,E766802
E815172,E226876
E559284,E622576
E559284,E410581
E559284,E614785
E559284,E655828
E559284,E230616
E736513,E271340
E736513,E233950
E736513,E540864
E753422,E431736
E753422,E613403
E753422,E991816
E708775,E399153
E708775,E386920
E708775,E874115
E466722,E509117
E466722,E829320
E708054,E087735
E708054,E341941
E708054,E537186
E708054,E865823
E708054,E915297
E366301,E619454
E366301,E610994
E366301,E148361
E168852,E537186
E168852,E372542
E168852,E660248
E168852,E755979
E504519,E442596
E504519,E545174
E504519,E507688
E504519,E914530
E202278,E726724
E202278,E395255
E202278,E054851
E610994,E482453
E610994,E996288
E222946,E072001
E222946,E386920
E222946,E476776
E222946,E286308
E666634,E405803
E666634,E307884
E666634,E536905
E576841,E918589
E576841,E945336
E787718,E078663
E787718,E396903
E702016,E179247
E702016,E419438
E702016,E545174
E702016,E395695
E500284,E883870
E500284,E149231
E500284,E873041
E500284,E401052
E500284,E726724
E743235,E170228
E743235,E609649
E232815,E658449
E232815,E277950
E232815,E259758
E232815,E185165
E232815,E317896
E651692,E335635
E651692,E482247
E396914,E253110
E396914,E373044
E396914,E645285
E396914,E119337
E396914,E838293
E958714,E350051
E958714,E482712
E311540,E635683
E311540,E559284
E311540,E890851
E311540,E518031
E311540,E466797
E968194,E471483
E968194,E326993
E968194,E812389
E968194,E108350
E053426,E090427
E053426,E636605
E053426,E805679
E053426,E180248
E053426,E802403
E879700,E978489
E879700,E428155
E245677,E737530
E245677,E550036
E245677,E932451
E245677,E592577
E245677,E295946
E464161,E681151
E464161,E910128
E665662,E621705
E665662,E782811
E636605,E765224
E636605,E739528
E636605,E025087
E285255,E053426
E285255,E615700
E285255,E790336
E285255,E802403
E285255,E805679
E262807,E527929
E262807,E410581
E353453,E554326
E353453,E212440
E353453,E845666
E353453,E212276
E983296,E871814
E983296,E792170
E983296,E782603
E527046,E252309
E527046,E923438
E527046,E887087
E527046,E845063
E527046,E874115
E163613,E563819
E163613,E728137
E652421,E664705
E652421,E122246
E652421,E084794
E652421,E552259
E385177,E705824
E385177,E066302
E385177,E152349
E385177,E547929
E173985,E385177
E173985,E705824
E173985,E710718
E632961,E939079
E632961,E918589
E663657,E691030
E663657,E527378
E372542,E640523
E372542,E537186
E372542,E073714
E372542,E568514
E910128,E076381
E910128,E769240
E910128,E222352
E910128,E750291
E910128,E277950
E222092,E536010
E222092,E128287
E222092,E039431
E222092,E466722
E958993,E635056
E958993,E227339
E474166,E216928
E474166,E829675
E474166,E665354
E802403,E221831
E802403,E919896
E802403,E577753
E802403,E119300
E566634,E722031
E566634,E277515
E540388,E936894
E540388,E912173
E540388,E435742
E418560,E116409
E418560,E773087
E418560,E326124
E615700,E450704
E615700,E577753
E615700,E186838
E669459,E178402
E669459,E710503
E669459,E004971
E669459,E435742
E078719,E414414
E078719,E897374
E078719,E757194
E078719,E665662
E445894,E807860
E445894,E873757
E445894,E147170
E445894,E329547
E445894,E126643
E255625,E454394
E255625,E928015
E117556,E514092
E117556,E932451
E117556,E772580
E117556,E971115
E117556,E935148
E626435,E915908
E626435,E357727
E626435,E344604
E838293,E027517
E838293,E956909
E011880,E705174
E011880,E170020
E011880,E913397
E011880,E475653
E157174,E462659
E157174,E423307
E157174,E283762
E157174,E073501
E157174,E756355
E474082,E801862
E474082,E811552
E474082,E744340
E383818,E782654
E383818,E972598
E704134,E889584
E704134,E003781
E704134,E330877
E704134,E803838
E704134,E979341
E641826,E592577
E641826,E103007
E104840,E505087
E104840,E214028
E104840,E860762
E104840,E496570
E068640,E150336
E068640,E514729
E068640,E106125
E394770,E332513
E394770,E873757
E912173,E338393
E912173,E178402
E637363,E880136
E637363,E316999
E436649,E933865
E436649,E759000
E436649,E537231
E436649,E936929
E436649,E369805
E188660,E844948
E188660,E639839
E188660,E058712
E188660,E572486
E454394,E989141
E454394,E476776
E454394,E399153
E454394,E252309
E454394,E785953
E366400,E185071
E366400,E672932
E366400,E913397
E722031,E668688
E722031,E064224
E722031,E023463
E722031,E468700
E323775,E975151
E323775,E991256
E323775,E230616
E323775,E825196
E323775,E637363
E207881,E252653
E207881,E644329
E207881,E372542
E883023,E480714
E883023,E677881
E883023,E183219
E983862,E114548
E983862,E538837
E983862,E304175
E983862,E173985
E983862,E602955
E721255,E311344
E721255,E889894
E721255,E334982
E467780,E677881
E467780,E706545
E467780,E749358
E467780,E878845
E381744,E092924
E381744,E266294
E381744,E640523
E670937,E783284
E670937,E292731
E326993,E108350
E326993,E595679
E326993,E990853
E084794,E703871
E084794,E067208
E084794,E185184
E168763,E672932
E168763,E705174
E168763,E894654
E168763,E983415
E168763,E679432
E076381,E466335
E076381,E691030
E969780,E720652
E969780,E157333
E969780,E399691
E969780,E532757
E466503,E345659
E466503,E357879
E466503,E476161
E466503,E609354
E497590,E702016
E497590,E883023
E497590,E749358
E497590,E996127
E497590,E305002
E602047,E981285
E602047,E787718
E602047,E399648
E602047,E821994
E602047,E216928
E498348,E828667
E498348,E445647
E849767,E150220
E849767,E595679
E849767,E392097
E276060,E478571
E276060,E764326
E329019,E052784
E329019,E452307
E983415,E616136
E983415,E961895
E983415,E366400
E983415,E429922
E983415,E679432
E072001,E286308
E072001,E708775
E072001,E939804
E482128,E215583
E482128,E322741
E482128,E921757
E191029,E304016
E191029,E281144
E191029,E305002
E788210,E996288
E788210,E366301
E788210,E879700
E788210,E656687
E788210,E675117
E421972,E712188
E421972,E222352
E421972,E076381
E421972,E232815
E739528,E682748
E739528,E631160
E217727,E041573
E217727,E335635
E217727,E582582
E217727,E662825
E217727,E770199
E369805,E005605
E369805,E466797
E369805,E968437
E369805,E729980
E516982,E911703
E516982,E609354
E516982,E589541
E516982,E728137
E516982,E124296
E782654,E110939
E782654,E720652
E782654,E068422
E214028,E718469
E214028,E151202
E214028,E003847
E170228,E344604
E170228,E499487
E882835,E319528
E882835,E279057
E214060,E672932
E214060,E639195
E214060,E376185
E214060,E616136
E996239,E730063
E996239,E157174
E996239,E859662
E386920,E621382
E386920,E939804
E386920,E928015
E338381,E626678
E338381,E440918
E338381,E151629
E924514,E537186
E924514,E467674
E924514,E511880
E924514,E660248
E473868,E052271
E473868,E958993
E473868,E162228
E473868,E227339
E473868,E870741
E337653,E150336
E337653,E210326
E337653,E106125
E337653,E497343
E337653,E579432
E837193,E185184
E837193,E861630
E837193,E006202
E857174,E932695
E857174,E739528
E857174,E821246
E857174,E790336
E611515,E026717
E611515,E370337
E611515,E939079
E160064,E326300
E160064,E288851
E160064,E993887
E490394,E450574
E490394,E644509
E490394,E884125
E187551,E807428
E187551,E108684
E187551,E708054
E355847,E869119
E355847,E162228
E126643,E394770
E126643,E244453
E126643,E696015
E435742,E912173
E435742,E632762
E435742,E343718
E911703,E983296
E911703,E094395
E911703,E284720
E911703,E514092
E911703,E609354
E731911,E191878
E731911,E047338
E731911,E482247
E731911,E384501
E731911,E862290
E098158,E666634
E098158,E094395
E098158,E978967
E098158,E728137
E098158,E430954
E879343,E641826
E879343,E563819
E879343,E851143
E879343,E284720
E933865,E825196
E933865,E496570
E933865,E936929
E933865,E458478
E933865,E119288
E614785,E458478
E614785,E609730
E614785,E407570
E614785,E311540
E283487,E866711
E283487,E874115
E283487,E312737
E572486,E727973
E572486,E520317
E572486,E261309
E572486,E464300
E967299,E410709
E967299,E487621
E967299,E397704
E967299,E845919
E967299,E334982
E041573,E053293
E041573,E990608
E041573,E318621
E041573,E875826
E041573,E891044
E380510,E476540
E380510,E621705
E380510,E602955
E380510,E027713
E794130,E918589
E794130,E466974
E794130,E713932
E794130,E130055
E794130,E153077
E408341,E568312
E408341,E411273
E408341,E875517
E408341,E364556
E408341,E262215
E967384,E057498
E967384,E507592
E967384,E383818
E967384,E401144
E875517,E960731
E875517,E199081
E875517,E358515
E875517,E058712
E875517,E661332
E004971,E980146
E004971,E536010
E004971,E226876
E004971,E126540
E004971,E222092
E538837,E569371
E538837,E782811
E538837,E464305
E538837,E547929
E891735,E428155
E891735,E996288
E792074,E467674
E792074,E790650
E792074,E207332
E792074,E537186
E792074,E865823
E334810,E776447
E334810,E482712
E334810,E764326
E334810,E084794
E841000,E510368
E841000,E911581
E841000,E871814
E007274,E642849
E007274,E057498
E007274,E383818
E007274,E563227
E007274,E383366
E019839,E093354
E019839,E602955
E019839,E387703
E019839,E938756
E019839,E569371
E496570,E890851
E496570,E614785
E496570,E759000
E590594,E309886
E590594,E991256
E590594,E936929
E590594,E825196
E590594,E637363
E199145,E706545
E199145,E828667
E199145,E183219
E199145,E364556
E199145,E467780
E991256,E214028
E991256,E234312
E283141,E958082
E283141,E720085
E283141,E770199
E283141,E662825
E497953,E980025
E497953,E605048
E497953,E027498
E497953,E307884
E497953,E094395
E286308,E405545
E286308,E399153
E690599,E367630
E690599,E106264
E690599,E415092
E464300,E456333
E464300,E643498
E464300,E446594
E464300,E445647
E537231,E458478
E537231,E807928
E537231,E399863
E261309,E661332
E261309,E568312
E295503,E283572
E295503,E514729
E295503,E415092
E295503,E068640
E295503,E735599
E482453,E656687
E482453,E052588
E482453,E642110
E482453,E780546
E482453,E952490
E956360,E334982
E956360,E776447
E956360,E256487
E474675,E169926
E474675,E283572
E474675,E649876
E537186,E252653
E537186,E210592
E537186,E660248
E707806,E840443
E707806,E991816
E707806,E499487
E707806,E430818
E847204,E611019
E847204,E083750
E847204,E318700
E847204,E069770
E499487,E556467
E499487,E123297
E073277,E540388
E073277,E930442
E073277,E200670
E103007,E284720
E103007,E405803
E805679,E180248
E805679,E349480
E805679,E765224
E805679,E549074
E805679,E413951
E644259,E545174
E644259,E456333
E644259,E199081
E644259,E523763
E725540,E783284
E725540,E560892
E725540,E177180
E471278,E494503
E471278,E635056
E471278,E450401
E003847,E070053
E003847,E968437
E003847,E230616
E041514,E421939
E041514,E078719
E041514,E373415
E041514,E471782
E041514,E356768
E833538,E534619
E833538,E897405
E833538,E426335
E833538,E525440
E833538,E053253
E466335,E173682
E466335,E421972
E466335,E277950
E104128,E430954
E104128,E094395
E104128,E112632
E104128,E971115
E728745,E133747
E728745,E977536
E728745,E772804
E790336,E330022
E790336,E615700
E790336,E360283
E790336,E025087
E790336,E388588
E440196,E911581
E440196,E405803
E269446,E401953
E269446,E770199
E893539,E712515
E893539,E142010
E893539,E092730
E369163,E910128
E369163,E712188
E369163,E450999
E965744,E654020
E965744,E556895
E965744,E929472
E965744,E069770
E965744,E847204
E535185,E706545
E535185,E844943
E735599,E106264
E735599,E090205
E735599,E649876
E735599,E579432
E770199,E399648
E770199,E335635
E770199,E185738
E770199,E274484
E410709,E006202
E410709,E257082
E480714,E304016
E480714,E814368
E480714,E442596
E791082,E780546
E791082,E759073
E252653,E660248
E252653,E467674
E252653,E073714
E693744,E405803
E693744,E284720
E693744,E156986
E693744,E615516
E462659,E691634
E462659,E019694
E106125,E497343
E106125,E106094
E106125,E295503
E106125,E579432
E106125,E169926
E813973,E833538
E813973,E949079
E938756,E762705
E938756,E356768
E906500,E703871
E906500,E257082
E906500,E788426
E842659,E659035
E842659,E875826
E937032,E334892
E937032,E152675
E585339,E497953
E585339,E315637
E585339,E400282
E585339,E433401
E283572,E210326
E283572,E840916
E283572,E337653
E283572,E690599
E328233,E277515
E328233,E863629
E328233,E919247
E328233,E329019
E092721,E417825
E092721,E209860
E092721,E981285
E873041,E738365
E873041,E679935
E873041,E170100
E873041,E217071
E540857,E482247
E540857,E821994
E540857,E504567
E540857,E269446
E540857,E981285
E316715,E252577
E316715,E400282
E316715,E124296
E316715,E609354
E316715,E935148
E807428,E469662
E807428,E792526
E807428,E233950
E807428,E401144
E807428,E399691
E169518,E896104
E169518,E626435
E137575,E655294
E137575,E117556
E137575,E841000
E137575,E156986
E829382,E933670
E829382,E554326
E199081,E699457
E199081,E357741
E053293,E951548
E053293,E981285
E053293,E188933
E053293,E599158
E515407,E756355
E515407,E996239
E515407,E691634
E226385,E368351
E226385,E646698
E226385,E484845
E690064,E106264
E690064,E396971
E690064,E295503
E190723,E552063
E190723,E281144
E190723,E262215
E190723,E464300
E190723,E576097
E788801,E548754
E788801,E227339
E192106,E068422
E192106,E921757
E192106,E092730
E680237,E424494
E680237,E449850
E680237,E326993
E680237,E715084
E199466,E222946
E199466,E072001
E199466,E446653
E318928,E196880
E318928,E464161
E703984,E343718
E210326,E396971
E210326,E649876
E993462,E162228
E993462,E788801
E993462,E548754
E993462,E227339
E993462,E462847
E664705,E185184
E664705,E956360
E664705,E015104
E664705,E478571
E913397,E128419
E913397,E043764
E913397,E185071
E839647,E252413
E839647,E207268
E839647,E605010
E967571,E961847
E967571,E430761
E967571,E720652
E801862,E845919
E801862,E760008
E801862,E913509
E957090,E119300
E957090,E330022
E656687,E053612
E656687,E675117
E656687,E226671
E656687,E996288
E712515,E814428
E712515,E338381
E712515,E642849
E712515,E068422
E399648,E474166
E399648,E074198
E399648,E215510
E608271,E052271
E608271,E305206
E608271,E471278
E608271,E371068
E615516,E920326
E582582,E731911
E582582,E368083
E582582,E335635
E582582,E041573
E582582,E824072
E800476,E875826
E800476,E981285
E800476,E041573
E800476,E053293
E986112,E423307
E986112,E031257
E986112,E712941
E309886,E779214
E309886,E729980
E309886,E369445
E309886,E316999
E309886,E860762
E373044,E210638
E373044,E111458
E373044,E076912
E343718,E466722
E343718,E039431
E951548,E318621
E951548,E482247
E951548,E185738
E951548,E368083
E951548,E078663
E246409,E117556
E246409,E971115
E246409,E189883
E246409,E713996
E274484,E368083
E274484,E504567
E274484,E144647
E274484,E855218
E274484,E244135
E818868,E528401
E818868,E865253
E818868,E863629
E818868,E566634
E818868,E645285
E878899,E051859
E878899,E399863
E357879,E284720
E357879,E051321
E357879,E094395
E357879,E666634
E357879,E163613
E027517,E715029
E027517,E891187
E027517,E755488
E027517,E110542
E230616,E399863
E230616,E880136
E230616,E496570
E033123,E514092
E033123,E841000
E742099,E747399
E742099,E170100
E742099,E495663
E271340,E322741
E271340,E337799
E589541,E932451
E589541,E433401
E589541,E112632
E589541,E284720
E589541,E514092
E122234,E801866
E122234,E170100
E122234,E499801
E236806,E726724
E236806,E801866
E747130,E805679
E747130,E577753
E747130,E330022
E792518,E462659
E792518,E019694
E792518,E156433
E792518,E490549
E576097,E785204
E576097,E825260
E494728,E150220
E494728,E860012
E494728,E477595
E494728,E418560
E494728,E593890
E323373,E070719
E323373,E076381
E323373,E904144
E323373,E317896
E323373,E552102
E814428,E642849
E814428,E021934
E814428,E284382
E814428,E961847
E814428,E440918
E442596,E051115
E442596,E401471
E442596,E545174
E442596,E080471
E442596,E456333
E231895,E554326
E231895,E425168
E231895,E401052
E440918,E068422
E440918,E399691
E440918,E222443
E440918,E504310
E595679,E430870
E595679,E346127
E595679,E812389
E595679,E593890
E595679,E349803
E415013,E318621
E415013,E244135
E415013,E092721
E415013,E540857
E755488,E205938
E755488,E253110
E755488,E373044
E392097,E326039
E392097,E258387
E392097,E448593
E392097,E645165
E193551,E817391
E193551,E163613
E193551,E841000
E193551,E284720
E640523,E915297
E640523,E671614
E640523,E266294
E640523,E792074
E640523,E207881
E705824,E027713
E705824,E976429
E705824,E387703
E705824,E356768
E705824,E066302
E163822,E770199
E163822,E216928
E123674,E993077
E123674,E066047
E123674,E332513
E123674,E576580
E351363,E869119
E351363,E450401
E351363,E080752
E106733,E770986
E106733,E615700
E106733,E821246
E568514,E529667
E568514,E341941
E318700,E593097
E318700,E654020
E318700,E322741
E659035,E891044
E659035,E368083
E659035,E335635
E769240,E658449
E769240,E222352
E769240,E323373
E769240,E259758
E548754,E486135
E548754,E114341
E548754,E162228
E027713,E375154
E027713,E464305
E027713,E173985
E135683,E385177
E135683,E041298
E835546,E642110
E835546,E436528
E835546,E891735
E230859,E185184
E230859,E397704
E230859,E507518
E965522,E773087
E965522,E167621
E965522,E424494
E965522,E150220
E330877,E560545
E330877,E906500
E430818,E160064
E755979,E092924
E755979,E621660
E755979,E333806
E755979,E735866
E915767,E093354
E915767,E356768
E801866,E726724
E801866,E202278
E294051,E744340
E294051,E764326
E292130,E937032
E292130,E497590
E292130,E080471
E292130,E304016
E292130,E984543
E425168,E801866
E425168,E594924
E425168,E054851
E632122,E514092
E632122,E284720
E754724,E891187
E754724,E535155
E754724,E528401
E754724,E252413
E754724,E668688
E215510,E074198
E215510,E875826
E215510,E318621
E215510,E842659
E215510,E158209
E142263,E358515
E142263,E335682
E142263,E497590
E142263,E545174
E375154,E983862
E375154,E639124
E375154,E464305
E375154,E304175
E375154,E665662
E915297,E865823
E915297,E621660
E915297,E552514
E205504,E215408
E205504,E843751
E205504,E979048
E205504,E649189
E205504,E123297
E596445,E829382
E596445,E425168
E596445,E066503
E596445,E453120
E596445,E742099
E090916,E933833
E090916,E945336
E090916,E611515
E090916,E815016
E433401,E609354
E433401,E660585
E188668,E871814
E188668,E792170
E809136,E152955
E809136,E902928
E809136,E891187
E809136,E818868
E304175,E639124
E304175,E418858
E304175,E897374
E932695,E577753
E932695,E180248
E932695,E710422
E932695,E451881
E932695,E770986
E746707,E642110
E746707,E726406
E746707,E788210
E746707,E978489
E532757,E626678
E532757,E410859
E070844,E179247
E070844,E364556
E533455,E837193
E533455,E632935
E533455,E669422
E533455,E703871
E533455,E811552
E478571,E275752
E478571,E861630
E478571,E122246
E478571,E006202
E132820,E801866
E132820,E919647
E132820,E500284
E132820,E217071
E132820,E634957
E368083,E875826
E368083,E517103
E368083,E855218
E368083,E891044
E066302,E938756
E066302,E728745
E066302,E762705
E504567,E888434
E504567,E215510
E504567,E188933
E504567,E177478
E504567,E068163
E537427,E517611
E537427,E518031
E599806,E680365
E599806,E262215
E599806,E677881
E599806,E838544
E927512,E312737
E927512,E992881
E927512,E882835
E212366,E790650
E212366,E511880
E212366,E865823
E212366,E252653
E212366,E527099
E622576,E151202
E622576,E655828
E622576,E436649
E622576,E104840
E769183,E925579
E769183,E092721
E769183,E547692
E769183,E209860
E334982,E487621
E334982,E906500
E334982,E769522
E705811,E490394
E705811,E350051
E705811,E185184
E705811,E311344
E705811,E811552
E058712,E395695
E058712,E199145
E477735,E420975
E477735,E386186
E477735,E077750
E477735,E921757
E396971,E169926
E396971,E514729
E396971,E068640
E593054,E128287
E593054,E097861
E593054,E540388
E593054,E120905
E679935,E217071
E679935,E236806
E679935,E862719
E446594,E358515
E446594,E082092
E477749,E605048
E477749,E315637
E571275,E782811
E571275,E471782
E571275,E385177
E244135,E504567
E244135,E163822
E244135,E188933
E070053,E151202
E070053,E517611
E070053,E759000
E051115,E892818
E051115,E644703
E051115,E364556
E051115,E480714
E051115,E937032
E122246,E769522
E122246,E294051
E122246,E704134
E122246,E507518
E122246,E350051
E845919,E844530
E845919,E111742
E845919,E763885
E845919,E411730
E383366,E420975
E383366,E880190
E383366,E882843
E383366,E616117
E938246,E295503
E938246,E474675
E938246,E107986
E785953,E866711
E785953,E252309
E785953,E874115
E785953,E527046
E142775,E199081
E142775,E984543
E478033,E108350
E478033,E346127
E593097,E720652
E593097,E969780
E593097,E807428
E593097,E843959
E509117,E517121
E509117,E422087
E749358,E475436
E749358,E089682
E749358,E706545
E749358,E799523
E749358,E965928
E880190,E068422
E880190,E430818
E880190,E882843
E880190,E344604
E880190,E440918
E133747,E380510
E133747,E757194
E319528,E781525
E319528,E708775
E319528,E386920
E319528,E927512
E319528,E454394
E156986,E020507
E156986,E589506
E156986,E660585
E508049,E215510
E508049,E875826
E508049,E209860
E508049,E417825
E119337,E722031
E119337,E202152
E026352,E090916
E026352,E534619
E471483,E860012
E471483,E326039
E471483,E150220
E471483,E258387
E471483,E418560
E950708,E473868
E950708,E305206
E021934,E817192
E021934,E979048
E706789,E157174
E706789,E423307
E706789,E010693
E719330,E764237
E719330,E222459
E719330,E605010
E703379,E467149
E703379,E156986
E210592,E533806
E210592,E511880
E210592,E568514
E210592,E372542
E436528,E978489
E436528,E642110
E436528,E226671
E451881,E770986
E451881,E090427
E183219,E148364
E183219,E576097
E158047,E394770
E158047,E445894
E158047,E506717
E158047,E147170
E189217,E197740
E189217,E430818
E078663,E724748
E078663,E582582
E078663,E602047
E078663,E891044
E151629,E130493
E151629,E197740
E151629,E869942
E151629,E556467
E151629,E357727
E863064,E450574
E863064,E410709
E889925,E932451
E889925,E817391
E889925,E104128
E889925,E655294
E665354,E662825
E665354,E824072
E710111,E576580
E710111,E394770
E710111,E696015
E710111,E079158
E635056,E494503
E635056,E450401
E450574,E236384
E450574,E788426
E450574,E764326
E450574,E411730
E450574,E811552
E939804,E255625
E939804,E785953
E939804,E396891
E047338,E215510
E047338,E417825
E047338,E990608
E047338,E396903
E047338,E662825
E449850,E705207
E449850,E258387
E449850,E326124
E449850,E150220
E996288,E053612
E996288,E759073
E996288,E780546
E907064,E066047
E907064,E394770
E907064,E670937
E907064,E423576
E482712,E703871
E482712,E068957
E482712,E744340
E216928,E047338
E216928,E504567
E216928,E144647
E594924,E170100
E594924,E883870
E594924,E453120
E025659,E305002
E025659,E089682
E025659,E878845
E410859,E556467
E410859,E123297
E410859,E929472
E870741,E659274
E870741,E468099
E870741,E336715
E870741,E355847
E870741,E608271
E584734,E840443
E584734,E847204
E584734,E181184
E691030,E711909
E691030,E450999
E186571,E443387
E186571,E504567
E186571,E318621
E186571,E990608
E417825,E368083
E417825,E074198
E417825,E318621
E990608,E399648
E990608,E787718
E990608,E092721
E114548,E041514
E114548,E019839
E507592,E166640
E507592,E068422
E507592,E578631
E507592,E125624
E507592,E222443
E066503,E212276
E066503,E582449
E094395,E112632
E094395,E605048
E486280,E609354
E486280,E983296
E019694,E739743
E019694,E801680
E019694,E515407
E093354,E977774
E093354,E983862
E093354,E019683
E093354,E173985
E316999,E825196
E316999,E807928
E592577,E427198
E592577,E514092
E592577,E491128
E443628,E697870
E443628,E318700
E443628,E563227
E443628,E642849
E443628,E972598
E631007,E829662
E631007,E750291
E631007,E185165
E932451,E164446
E932451,E491128
E932451,E497953
E932451,E667981
E649195,E648493
E649195,E482128
E649195,E125624
E937754,E475653
E937754,E672932
E937754,E683222
E937754,E170020
E265369,E571275
E265369,E471782
E667981,E889925
E667981,E094395
E667981,E783576
E191878,E316476
E191878,E041573
E191878,E073486
E191878,E399648
E191878,E415013
E401953,E803245
E401953,E731911
E401953,E283141
E401953,E504567
E621705,E569371
E621705,E639124
E482247,E875826
E482247,E803245
E482247,E092721
E482247,E659035
E748647,E792526
E748647,E530630
E748647,E415491
E373415,E976429
E373415,E043661
E373415,E602955
E679261,E160064
E679261,E482128
E597173,E847204
E597173,E707806
E199149,E207881
E199149,E232329
E368351,E706789
E368351,E868376
E173682,E232815
E173682,E663657
E173682,E259758
E173682,E691030
E499801,E440219
E499801,E231895
E185184,E632935
E185184,E794441
E090205,E295503
E090205,E514729
E090205,E205181
E090205,E367630
E090205,E396971
E208982,E533806
E208982,E915297
E208982,E043923
E505087,E234312
E505087,E968437
E157333,E750893
E157333,E326300
E157333,E482128
E157333,E540864
E450999,E421972
E450999,E904144
E552259,E560545
E552259,E669422
E552259,E334982
E236384,E884125
E236384,E525346
E236384,E084794
E236384,E763885
E010693,E368351
E010693,E634362
E519879,E915908
E519879,E782654
E519879,E386186
E519879,E142010
E519879,E708054
E730063,E283762
E730063,E003608
E730063,E487412
E919647,E726724
E919647,E054851
E919647,E149231
E483647,E715029
E483647,E809136
E483647,E373044
E350051,E861630
E350051,E764326
E350051,E845919
E649876,E514729
E649876,E169926
E634362,E756355
E634362,E484845
E071338,E727973
E071338,E520317
E071338,E937032
E071338,E179247
E071338,E419438
E705207,E477595
E705207,E259242
E705207,E041268
E415491,E613403
E415491,E929472
E415491,E420975
E415491,E322741
E744489,E756355
E744489,E706789
E744489,E487412
E215408,E626435
E215408,E593097
E907830,E351363
E907830,E589047
E907830,E950708
E907830,E473868
E254254,E813973
E254254,E153077
E053612,E642110
E053612,E858807
E053612,E482453
E053612,E746707
E053612,E610994
E419438,E545174
E419438,E281144
E419438,E867378
E419438,E342278
E499414,E972389
E499414,E788417
E499414,E467149
E499414,E889925
E003608,E484845
E003608,E739743
E003608,E792518
E825260,E918518
E825260,E304016
E825260,E568312
E068957,E769522
E068957,E411730
E068957,E788426
E068957,E487621
E068957,E533455
E152349,E471782
E152349,E705824
E897374,E471782
E897374,E983862
E897374,E093354
E888434,E875826
E888434,E261792
E888434,E508049
E888434,E215510
E888434,E417825
E071558,E440918
E071558,E843959
E071558,E593097
E071558,E750893
E420975,E972598
E420975,E069770
E420975,E807428
E420975,E782654
E420975,E469662
E889894,E133227
E889894,E482712
E099478,E119337
E099478,E746295
E099478,E205938
E119288,E316999
E119288,E779214
E635683,E609730
E635683,E890851
E635683,E718469
E635683,E880136
E635683,E407570
E490549,E699857
E490549,E744489
E490549,E193352
E207268,E252413
E207268,E041701
E207268,E811189
E207268,E468700
E337799,E344604
E337799,E562809
E337799,E383818
E349803,E448593
E349803,E965522
E057498,E440918
E057498,E145313
E057498,E847204
E315637,E889925
E315637,E272928
E315637,E345659
E315637,E400282
E315637,E980025
E110542,E242659
E110542,E556181
E110542,E955051
E110542,E023463
E760008,E411730
E760008,E800420
E760008,E889584
E414489,E616136
E414489,E128419
E414489,E683222
E111458,E719330
E111458,E922365
E111458,E891187
E164446,E641826
E164446,E589506
E164446,E889378
E072126,E742099
E072126,E453120
E579462,E415092
E579462,E938246
E579462,E295503
E579462,E514729
E579462,E690599
E202152,E328233
E202152,E052784
E202152,E766745
E202152,E110542
E456333,E914530
E456333,E965928
E456333,E568312
E456333,E867378
E456333,E520317
E283762,E423307
E283762,E815847
E283762,E487412
E283762,E691634
E252577,E889925
E252577,E104128
E252577,E094395
E646653,E939804
E646653,E409438
E646653,E882835
E646653,E399153
E955051,E152955
E955051,E863629
E955051,E844706
E955051,E605010
E535155,E253110
E535155,E863629
E535155,E210638
E735866,E865823
E735866,E199149
E409732,E902928
E409732,E538949
E288762,E883870
E288762,E500284
E288762,E596445
E821246,E388588
E821246,E631160
E821246,E119300
E821246,E615700
E803245,E209860
E803245,E368083
E803245,E261792
E803245,E047338
E830710,E482128
E830710,E357727
E830710,E289923
E041268,E477595
E041268,E108350
E041268,E258387
E041268,E460428
E671614,E708054
E671614,E660248
E316476,E396903
E316476,E770199
E316476,E384501
E316476,E047338
E316476,E665354
E990853,E349803
E990853,E108350
E990853,E116409
E990853,E968194
E990853,E326039
E344604,E613403
E344604,E431736
E344604,E813452
E328293,E316999
E328293,E609279
E304016,E380077
E304016,E504519
E304016,E358515
E727973,E281144
E727973,E639839
E727973,E199081
E494503,E355847
E494503,E450401
E494503,E788801
E682748,E106733
E682748,E803207
E682748,E247985
E682748,E932695
E720085,E662825
E720085,E482247
E720085,E041573
E720085,E078663
E993887,E540864
E993887,E597173
E993887,E233950
E993887,E616117
E993887,E338381
E978899,E858807
E978899,E619454
E978899,E436528
E978899,E226671
E978899,E952490
E411730,E837193
E411730,E299262
E556181,E278128
E556181,E099478
E556181,E891187
E556181,E005461
E556181,E396914
E178402,E120905
E178402,E343718
E178402,E540388
E817391,E911581
E817391,E284720
E817391,E433401
E817391,E245677
E817391,E693744
E051321,E246409
E051321,E477749
E051321,E889925
E051321,E405803
E151202,E496570
E151202,E316999
E151202,E925634
E828667,E364556
E828667,E677881
E828667,E179247
E828667,E467780
E092730,E069770
E092730,E705454
E092730,E068422
E092730,E609649
E680333,E142010
E680333,E993887
E680333,E148741
E256762,E590677
E256762,E898128
E655294,E181628
E655294,E027498
E655294,E295946
E655294,E336750
E414414,E639124
E414414,E173985
E414414,E705824
E087735,E552514
E087735,E381744
E087735,E236141
E087735,E735866
E928015,E923438
E928015,E252309
E305002,E702016
E305002,E727973
E305002,E576097
E305002,E883023
E342278,E699457
E342278,E844948
E342278,E480714
E921757,E792526
E921757,E817192
E921757,E151629
E840601,E880190
E840601,E401144
E840601,E083750
E840601,E125624
E395255,E634957
E395255,E499801
E395255,E066503
E395255,E883870
E124296,E181628
E124296,E245677
E124296,E345659
E124296,E641246
E124296,E193551
E560731,E199081
E560731,E419438
E711909,E663657
E711909,E323373
E801680,E791801
E801680,E283762
E801680,E010693
E387703,E701164
E387703,E041298
E257082,E744340
E257082,E067208
E257082,E015104
E257082,E845919
E257082,E760008
E450401,E950942
E450401,E355847
E103679,E737374
E103679,E338393
E103679,E126519
E103679,E120905
E012642,E552514
E012642,E357668
E012642,E341941
E012642,E915297
E128287,E815172
E128287,E330317
E133227,E803838
E133227,E084794
E133227,E171729
E813284,E053253
E813284,E413314
E813284,E026352
E844530,E967299
E844530,E913509
E258387,E860012
E258387,E448593
E258387,E150220
E258387,E961931
E258387,E595679
E560892,E710111
E560892,E332513
E560892,E157774
E560892,E066047
E613403,E965744
E613403,E401144
E338209,E208982
E338209,E586794
E869119,E788801
E869119,E659274
E869119,E052271
E869119,E494503
E780546,E610994
E780546,E835546
E780546,E891735
E679432,E679689
E679432,E683222
E395695,E188660
E395695,E358515
E568312,E464300
E568312,E334892
E362147,E118925
E362147,E509117
E362147,E566598
E166640,E383818
E166640,E969780
E166640,E189217
E166640,E499487
E426335,E267748
E426335,E028570
E426335,E713932
E426335,E026717
E426335,E534619
E873309,E053253
E873309,E090916
E873309,E026717
E873309,E833538
E873309,E426335
E073501,E480744
E073501,E739743
E073501,E712941
E259242,E150220
E259242,E460428
E259242,E471483
E259242,E478033
E259242,E748894
E507688,E965928
E507688,E552063
E267748,E945336
E267748,E576841
E046850,E812389
E046850,E593890
E046850,E961931
E046850,E307362
E046850,E748894
E855218,E186571
E855218,E396903
E855218,E232619
E784992,E802403
E784992,E631160
E784992,E739528
E784992,E450704
E784992,E413951
E913509,E764326
E913509,E257082
E728137,E189883
E728137,E497953
E728137,E137575
E728137,E865250
E360283,E802403
E360283,E648995
E360283,E090427
E226671,E617950
E226671,E746707
E226671,E891735
E226671,E366301
E644509,E776447
E644509,E482712
E644509,E015104
E644509,E122246
E207332,E381744
E207332,E168852
E207332,E671614
E207332,E149382
E207332,E511880
E715084,E595679
E715084,E812389
E715084,E477595
E282719,E425168
E282719,E726724
E282719,E122234
E915908,E189217
E915908,E197740
E959498,E215583
E959498,E929472
E959498,E123297
E959498,E697870
E458478,E505087
E458478,E262807
E458478,E635683
E302951,E649440
E302951,E660248
E358307,E187551
E358307,E712515
E243354,E166640
E243354,E395052
E243354,E137002
E914530,E075942
E914530,E644259
E989080,E236384
E989080,E708977
E878845,E334892
E878845,E456333
E878845,E599806
E475653,E983415
E475653,E128419
E288851,E386186
E288851,E869942
E744340,E788426
E744340,E760008
E744340,E311344
E088840,E681151
E088840,E232815
E088840,E609508
E088840,E318928
E645165,E705207
E645165,E116409
E645165,E460428
E824072,E177478
E824072,E144647
E824072,E862290
E277337,E257487
E277337,E644259
E509335,E759000
E509335,E537427
E509335,E559284
E509335,E316999
E509335,E309886
E223061,E960731
E223061,E814368
E179247,E442596
E179247,E875517
E179247,E262215
E179247,E644259
E969024,E353453
E969024,E845666
E528401,E372139
E528401,E902928
E549074,E747130
E549074,E790336
E549074,E615700
E549074,E247985
E715029,E865253
E715029,E811189
E715029,E202152
E715029,E111458
E147170,E907064
E147170,E394770
E147170,E873757
E399863,E135206
E399863,E410581
E904144,E631007
E904144,E691030
E691634,E073501
E691634,E815847
E691634,E730063
E691634,E490549
E880136,E590594
E880136,E527929
E880136,E458478
E919896,E285255
E919896,E692555
E631920,E222352
E631920,E323373
E631920,E317896
E631920,E829662
E631920,E769240
E052271,E993462
E052271,E468099
E084816,E285856
E084816,E142775
E831483,E743235
E831483,E071558
E884125,E989080
E884125,E889584
E884125,E525346
E884125,E067208
E315930,E243354
E315930,E649189
E315930,E748647
E315930,E383818
E315930,E108684
E028570,E370337
E028570,E413314
E028570,E939079
E149382,E269169
E149382,E671614
E149382,E708054
E287151,E550036
E287151,E462231
E287151,E476161
E661050,E334982
E661050,E811552
E661050,E003781
E713932,E897405
E894654,E429922
E894654,E414489
E894654,E961895
E894654,E197905
E333806,E467674
E333806,E792074
E333806,E149382
E170100,E862719
E170100,E293695
E170100,E738365
E978967,E783576
E978967,E467149
E978967,E477749
E676176,E824072
E676176,E547692
E676176,E602047
E676176,E540857
E713996,E467149
E713996,E491128
E713996,E033123
E272928,E782603
E272928,E499414
E722301,E123674
E722301,E445894
E722301,E935386
E722301,E993077
E722301,E292731
E332025,E490394
E332025,E913509
E152675,E507688
E152675,E639839
E152675,E199145
E547929,E093354
E547929,E265369
E536905,E641826
E536905,E427198
E427198,E315637
E427198,E932451
E016003,E676842
E016003,E747399
E560545,E299262
E560545,E185184
E560545,E906500
E033323,E436528
E033323,E607744
E033323,E482453
E033323,E352051
E517121,E435742
E517121,E632762
E517121,E422087
E326039,E593890
E326039,E041268
E807928,E609730
E807928,E466797
E807928,E505087
E807928,E655828
E807928,E309886
E607744,E891735
E607744,E788210
E607744,E352051
E706545,E844948
E706545,E346718
E706545,E439185
E706545,E984543
E706545,E914530
E150284,E978899
E150284,E835546
E150284,E482453
E150284,E619454
E150284,E656687
E401471,E706545
E401471,E844612
E071939,E222352
E071939,E466335
E071939,E196880
E357741,E335682
E357741,E025659
E145313,E222443
E145313,E831483
E145313,E312344
E145313,E813452
E979048,E482128
E979048,E344604
E168079,E338209
E168079,E333806
E168079,E372542
E168079,E586794
E168079,E865823
E069408,E067208
E069408,E411730
E069408,E330877
E069408,E068957
E960731,E523763
E960731,E825260
E960731,E497590
E107986,E367630
E107986,E150336
E107986,E106125
E107986,E690064
E868632,E429922
E868632,E598741
E156990,E983296
E156990,E252577
E156990,E112632
E718469,E807928
E718469,E399863
E476667,E938246
E476667,E840916
E776992,E788801
E776992,E958993
E776992,E227339
E186510,E550203
E186510,E873309
E662825,E215510
E662825,E401953
E662825,E875826
E644329,E527099
E644329,E533806
E644329,E828317
E644329,E212366
E644329,E357668
E626678,E712515
E626678,E007274
E626678,E187551
E626678,E649189
E843751,E189217
E843751,E961847
E843751,E563227
E053253,E186510
E053253,E267748
E462847,E468099
E462847,E659274
E148364,E152675
E148364,E984543
E148364,E439185
E003010,E631160
E003010,E972607
E003010,E850585
E003010,E710422
E003010,E857174
E550203,E534619
E550203,E370337
E550203,E611515
E110939,E287613
E110939,E068422
E110939,E593097
E110939,E482128
E110939,E243354
E609508,E259758
E609508,E464161
E732609,E257831
E732609,E373044
E732609,E891187
E949646,E375154
E949646,E041298
E772580,E491128
E772580,E911703
E772580,E935148
E772580,E486280
E772580,E971115
E450704,E803207
E450704,E802403
E450704,E692555
E510368,E027498
E510368,E271293
E632935,E764326
E632935,E788426
E632935,E967299
E632935,E837193
E632935,E979341
E762705,E078719
E762705,E757194
E156433,E739743
E156433,E480744
E156433,E484845
E156433,E868376
E769522,E788426
E769522,E236384
E495663,E747399
E322741,E976447
E322741,E680333
E322741,E068422
E322741,E289923
E027378,E499414
E027378,E051321
E027378,E516982
E027378,E272928
E027378,E655294
E311344,E171729
E311344,E661050
E311344,E276060
E889378,E562829
E889378,E461936
E090427,E349480
E090427,E615700
E090427,E972607
E090427,E285255
E090427,E330022
E335682,E535185
E335682,E408341
E511880,E790650
E511880,E372542
E511880,E828317
E138826,E185738
E138826,E177478
E138826,E490081
E138826,E862290
E815847,E010693
E815847,E889621
E815847,E480744
E815847,E648614
E413567,E722031
E413567,E535155
E658449,E552102
E658449,E088840
E089682,E814368
E089682,E357741
E089682,E705309
E089682,E148364
E089682,E075942
E520317,E914244
E520317,E480714
E520317,E507688
E520317,E188660
E520317,E364556
E367630,E735599
E367630,E205181
E631065,E158209
E631065,E335635
E739743,E282750
E739743,E010693
E677881,E058712
E677881,E639839
E677881,E838544
E470598,E187551
E470598,E654020
E308555,E163286
E308555,E556895
E308555,E169518
E765224,E186838
E765224,E857174
E765224,E615700
E285856,E358515
E285856,E814368
E737374,E343718
E737374,E540388
E737374,E097861
E737374,E703984
E737374,E126540
E507518,E664705
E507518,E769522
E082092,E281144
E082092,E439185
E082092,E785204
E475384,E626678
E475384,E896104
E475384,E322741
E380077,E875517
E380077,E504519
E380077,E844612
E380077,E661332
E380077,E070844
E054851,E500284
E054851,E563963
E054851,E395255
E054851,E582449
E106094,E579432
E106094,E649876
E106094,E474675
E717387,E401052
E717387,E149231
E352051,E148361
E352051,E482453
E352051,E675117
E961931,E990853
E961931,E748894
E961931,E968194
E561010,E837193
E561010,E803838
E561010,E967299
E561010,E478571
E561010,E294051
E214303,E676842
E214303,E361385
E214303,E212276
E214303,E596445
E124068,E517103
E124068,E191878
E124068,E981285
E413951,E802403
E413951,E451881
E413951,E770986
E413951,E119300
E413951,E682748
E418858,E044398
E418858,E027713
E418858,E385177
E418858,E414414
E672932,E000283
E672932,E475653
E672932,E983415
E672932,E225324
E672932,E185071
E232619,E217727
E232619,E821994
E232619,E399648
E083976,E828317
E083976,E621660
E083976,E207332
E890851,E070053
E890851,E759000
E160851,E680365
E160851,E914530
E160851,E814368
E160851,E960731
E160851,E699457
E005605,E890851
E005605,E614785
E005605,E003847
E005605,E230616
E005605,E898128
E469662,E562809
E469662,E611019
E469662,E166640
E423307,E462659
E423307,E491095
E423307,E003608
E423307,E282750
E077750,E157333
E077750,E782654
E077750,E969780
E077750,E233950
E077750,E563227
E866375,E520317
E866375,E918518
E866375,E089682
E356404,E394770
E356404,E147170
E356404,E332513
E356404,E423576
E705454,E750893
E705454,E777748
E705454,E120034
E705454,E337799
E887434,E423307
E887434,E031257
E887434,E487412
E887434,E986112
E892818,E639839
E892818,E277337
E892818,E867378
E357668,E586794
E357668,E199149
E357668,E073714
E357668,E527099
E589047,E344497
E589047,E055560
E589047,E166636
E589047,E162228
E282049,E596445
E282049,E453120
E282049,E664329
E989141,E476776
E989141,E399153
E759073,E952490
E759073,E780546
E506717,E783284
E506717,E232432
E506717,E823538
E506717,E123674
E800420,E275752
E800420,E837193
E800420,E669422
E800420,E764326
E800420,E913509
E334892,E190723
E334892,E089682
E334892,E142775
E334892,E304016
E334892,E552063
E670247,E027713
E670247,E762705
E670247,E041514
E670247,E114548
E670247,E602955
E974328,E978899
E974328,E978489
E108684,E680333
E108684,E777748
E108684,E071558
E108684,E469662
E738365,E273466
E738365,E016003
E738365,E408839
E738365,E865756
E738365,E801866
E215583,E748647
E215583,E976447
E215583,E383366
E215583,E750893
E215583,E626435
E708977,E487621
E708977,E350051
E708977,E111742
E708977,E644509
E031257,E756355
E031257,E744489
E031257,E073501
E586794,E266294
E586794,E092924
E586794,E210592
E586794,E341941
E491095,E193352
E491095,E691634
E491095,E803626
E782603,E841000
E782603,E703379
E782603,E774011
E361385,E594924
E361385,E808466
E361385,E072126
E361385,E440219
E282750,E744489
E282750,E462659
E043661,E041298
E043661,E476540
E043661,E066302
E307362,E595679
E307362,E504793
E307362,E424494
E307362,E748894
E307362,E167621
E307884,E889925
E869942,E470598
E869942,E110939
E869942,E613403
E869942,E215408
E621382,E399153
E621382,E044115
E803838,E906500
E803838,E861630
E201825,E369163
E201825,E663657
E201825,E464161
E201825,E681151
E201825,E466335
E836501,E739528
E836501,E857174
E836501,E682748
E836501,E413951
E153077,E534619
E153077,E026717
E153077,E026352
E860012,E460428
E975151,E119288
E975151,E104840
E975151,E527929
E975151,E635683
E975151,E936929
E576580,E158047
E576580,E348570
E576580,E722301
E576580,E177180
E216544,E750291
E216544,E421972
E216544,E711909
E073714,E199149
E073714,E207332
E073714,E092924
E073714,E168852
E859662,E868376
E859662,E226385
E859662,E986112
E859662,E792518
E859662,E484845
E430761,E609649
E430761,E941892
E430761,E288851
E067208,E703871
E067208,E811552
E067208,E704134
E609730,E637363
E609730,E991256
E609730,E666910
E609730,E311540
E051859,E609279
E170020,E168763
E783576,E889378
E783576,E499414
E346718,E844943
E346718,E914530
E346718,E844612
E556895,E068422
E556895,E896104
E556895,E519649
E556895,E616117
E631160,E957090
E631160,E682748
E631160,E119300
E631160,E106733
E631160,E186838
E185738,E676176
E185738,E490081
E185738,E188933
E185738,E769183
E312737,E409438
E312737,E708775
E312737,E279057
E312737,E781525
E312737,E887087
E376185,E676159
E376185,E679432
E376185,E366400
E950942,E344497
E950942,E166636
E844943,E304016
E844943,E677881
E844943,E475436
E844943,E883023
E844943,E627596
E025087,E577753
E025087,E247985
E617950,E366301
E617950,E879700
E617950,E891735
E080471,E984543
E080471,E914530
E167621,E448593
E167621,E593890
E167621,E267216
E167621,E418560
E348570,E147170
E348570,E874322
E550036,E156990
E550036,E284720
E550036,E163613
E550036,E703379
E821027,E693744
E821027,E287151
E821027,E510368
E821027,E163613
E517103,E547692
E517103,E215510
E517103,E443387
E517103,E599158
E517103,E471453
E148361,E978489
E148361,E428155
E514729,E106094
E514729,E735599
E518031,E637363
E518031,E323775
E518031,E968437
E518031,E458478
E152955,E023589
E152955,E119337
E152955,E668688
E152955,E027517
E984543,E188660
E984543,E492910
E984543,E160851
E023463,E052784
E023463,E222459
E023463,E210638
E023463,E471256
E952490,E619454
E952490,E033323
E648493,E756392
E648493,E532757
E648493,E222443
E648493,E967384
E807860,E123674
E807860,E157774
E701164,E762705
E701164,E639124
E701164,E027713
E701164,E041298
E701164,E705824
E704691,E335635
E704691,E665354
E704691,E216928
E971115,E051321
E971115,E615516
E971115,E094395
E971115,E189883
E971115,E980025
E371068,E052271
E384701,E261309
E384701,E439185
E384701,E480714
E384701,E456333
E384701,E560731
E036825,E311540
E036825,E186536
E144647,E368083
E144647,E163822
E144647,E951548
E144647,E269446
E445647,E866375
E445647,E490198
E445647,E844943
E197740,E814428
E197740,E069770
E197740,E504310
E197740,E609649
E726406,E033323
E726406,E642110
E726406,E656687
E439185,E190723
E439185,E560731
E439185,E497590
E257487,E504519
E257487,E576097
E257487,E545174
E257487,E152675
E011154,E996239
E011154,E730063
E011154,E484845
E011154,E283762
E185165,E323373
E185165,E070719
E185165,E088840
E185165,E527378
E185165,E663657
E430870,E008964
E430870,E494728
E430870,E990853
E430870,E645165
E430870,E478033
E605048,E491128
E605048,E972389
E803207,E857174
E803207,E919896
E803207,E103180
E388588,E850585
E388588,E692555
E388588,E802403
E388588,E247985
E862719,E231895
E862719,E212276
E421939,E041298
E421939,E152349
E421939,E569371
E421939,E915767
E759000,E328293
E759000,E234312
E759000,E316999
E073214,E906500
E073214,E889894
E865756,E969024
E865756,E072126
E865756,E801866
E332513,E783284
E332513,E506717
E332513,E157774
E935148,E307884
E935148,E550036
E935148,E181628
E935148,E932451
E935148,E817391
E889584,E236384
E889584,E397704
E889584,E561010
E889584,E230859
E889584,E228746
E724748,E485822
E724748,E274484
E126519,E912173
E126519,E737374
E126519,E766802
E126519,E669459
E475436,E223061
E475436,E281144
E475436,E504519
E757194,E373415
E757194,E471782
E757194,E135683
E813452,E807428
E813452,E404677
E813452,E205504
E965928,E080471
E965928,E702016
E126540,E128287
E126540,E566598
E523763,E305002
E523763,E223061
E729980,E878899
E729980,E537231
E729980,E517611
E729980,E436649
E729980,E948603
E429922,E366400
E429922,E639195
E079158,E332513
E079158,E823538
E079158,E783284
E079158,E147170
E611019,E830710
E611019,E597173
E611019,E649189
E611019,E110939
E611019,E431736
E492910,E080471
E492910,E089682
E386904,E825260
E386904,E357741
E386904,E342278
E386904,E677881
E386904,E680365
E936894,E267905
E936894,E466722
E936894,E097861
E936894,E737374
E466974,E949079
E466974,E525440
E466974,E363529
E466974,E426335
E252309,E097123
E252309,E279057
E252309,E369229
E252309,E781525
E292731,E823538
E292731,E329547
E292731,E696015
E312344,E125624
E312344,E562809
E312344,E626435
E312344,E563227
E844612,E965928
E844612,E545174
E844612,E914530
E844612,E680365
E850585,E739528
E850585,E972607
E850585,E932695
E431736,E092730
E431736,E847204
E649189,E979048
E649189,E415491
E649189,E921757
E866711,E255625
E866711,E454394
E866711,E845063
E866711,E992881
E331384,E873041
E331384,E217071
E331384,E808466
E331384,E563963
E331384,E214303
E680365,E702016
E680365,E467780
E961895,E672932
E961895,E011880
E814368,E878845
E814368,E844612
E169926,E579432
E169926,E106264
E169926,E735599
E169926,E295503
E792170,E782603
E792170,E865250
E792170,E476161
E972598,E556467
E972598,E831483
E972598,E597173
E972598,E626678
E777748,E163286
E777748,E344604
E777748,E383818
E352405,E216544
E352405,E277950
E352405,E259758
E352405,E609508
E150220,E046850
E150220,E860012
E150220,E715084
E452307,E818868
E452307,E758645
E666910,E410581
E666910,E070053
E773087,E392097
E773087,E307362
E773087,E326124
E773087,E812389
E773087,E259242
E520317,E285856
E520317,E844943
E520317,E179247
E609279,E234312
E609279,E316999
E609279,E466797
E609279,E779214
E679689,E475653
E679689,E937754
E336715,E371068
E336715,E635056
E336715,E589047
E336715,E351363
E336715,E021513
E766745,E754724
E766745,E764237
E766745,E844706
E766745,E099478
E710718,E356768
E710718,E762705
E710718,E547929
E710718,E041298
E577753,E770986
E577753,E186838
E577753,E247985
E440219,E747399
E440219,E726724
E440219,E395255
E710422,E413951
E710422,E119300
E710422,E917614
E326300,E440918
E326300,E611019
E326300,E959498
E326300,E110939
E699457,E497590
E699457,E892818
E699457,E419438
E699457,E080471
E956909,E210638
E956909,E253110
E956909,E005461
E044115,E845063
E044115,E319528
E044115,E454394
E840916,E431626
E840916,E497343
E197905,E868632
E197905,E185071
E197905,E679689
E197905,E676159
E197905,E672932
E209860,E891044
E209860,E981285
E209860,E041573
E209860,E540857
E209860,E547692
E627596,E364556
E627596,E401471
E120905,E829320
E120905,E126519
E120905,E128287
E120905,E226876
E120905,E118925
E485822,E074198
E485822,E474166
E485822,E053293
E485822,E821994
E485822,E318621
E867378,E257487
E867378,E576097
E867378,E644259
E269169,E338209
E269169,E708054
E269169,E660248
E269169,E621660
E929472,E295377
E929472,E173367
E692555,E802403
E692555,E360283
E196880,E216544
E196880,E829662
E196880,E113433
E632762,E669459
E632762,E222092
E632762,E165381
E632762,E912173
E566598,E338393
E566598,E766802
E566598,E862784
E566598,E815172
E346127,E849767
E346127,E418560
E268537,E158209
E268537,E335635
E268537,E474166
E181184,E967384
E181184,E843751
E181184,E187551
E118925,E703984
E118925,E980146
E118925,E766802
E372139,E956909
E372139,E409732
E516925,E679432
E516925,E913397
E516925,E170020
E516925,E429922
E516925,E376185
E619454,E858807
E699857,E157174
E699857,E073501
E699857,E706789
E858807,E780546
E858807,E656687
E923829,E868632
E923829,E000283
E923829,E429922
E026717,E945336
E026717,E370337
E932519,E961847
E932519,E705454
E027498,E051321
E027498,E514092
E758645,E902928
E758645,E919247
E177478,E724748
E177478,E158209
E177478,E599158
E643498,E480714
E643498,E223061
E092924,E372542
E092924,E533806
E116409,E307362
E116409,E008964
E116409,E326124
E668688,E528401
E668688,E922365
E668688,E027517
E668688,E902928
E287613,E843751
E287613,E157333
E284382,E415491
E284382,E578631
E710503,E815172
E710503,E936894
E043923,E621660
E043923,E302951
E400282,E774011
E400282,E871814
E400282,E693744
E708054,E071558
E708054,E840443
E708054,E326300
E708054,E430761
E708054,E813452
E225324,E429922
E225324,E376185
E225324,E961895
E225324,E516925
E918518,E785204
E918518,E492910
E918518,E183219
E918518,E661332
E111742,E763885
E111742,E565510
E064224,E023463
E064224,E207268
E064224,E372139
E064224,E110542
E064224,E409732
E978270,E527046
E978270,E279057
E978270,E399153
E978270,E874115
E396903,E958082
E396903,E158209
E396903,E041573
E396903,E731911
E396903,E602047
E071371,E783284
E071371,E123674
E071371,E292731
E071371,E445894
E193352,E226385
E193352,E648614
E504793,E968194
E504793,E494728
E423576,E783284
E423576,E560892
E852860,E701164
E852860,E639124
E852860,E602955
E852860,E093354
E852860,E757194
E405545,E097123
E405545,E369229
E405545,E044115
E405545,E319528
E405545,E454394
E041701,E110542
E041701,E119337
E041701,E409732
E782811,E639124
E782811,E762705
E782811,E135683
E101409,E563819
E101409,E609354
E648995,E805679
E648995,E682748
E648995,E972607
E648995,E577753
E648995,E917614
E396891,E641843
E396891,E527046
E055560,E162228
E055560,E080752
E055560,E227339
E055560,E473868
E055560,E355847
E556467,E485349
E556467,E649195
E556467,E959498
E556467,E430818
E556467,E979048
E862290,E631065
E862290,E318621
E862290,E335635
E862290,E981285
E008964,E392097
E008964,E448593
E935386,E576580
E935386,E423576
E935386,E696015
E935386,E783284
E935386,E394770
E266294,E333806
E266294,E533806
E266294,E357668
E266294,E232329
E326124,E046850
E326124,E812389
E326124,E167621
E295946,E589506
E295946,E476161
E295946,E667981
E295946,E871814
E295946,E112632
E889621,E031257
E889621,E368351
E889621,E706789
E977536,E983862
E977536,E772804
E977536,E701164
E977536,E670247
E977536,E464305
E236141,E269169
E554876,E027498
E554876,E245677
E554876,E466503
E554876,E911581
E554876,E101409
E530630,E649189
E530630,E215583
E530630,E813452
E660103,E984543
E660103,E560731
E660103,E070844
E660103,E281144
E426167,E722031
E426167,E278128
E426167,E844706
E426167,E838293
E484845,E462659
E484845,E490549
E709141,E230616
E709141,E003847
E709141,E496570
E817192,E965744
E817192,E068422
E817192,E720652
E817192,E125624
E817192,E083750
E705309,E439185
E705309,E277337
E705309,E552063
E705309,E082092
E914244,E058712
E914244,E142775
E914244,E560731
E914244,E025659
E466797,E407570
E891495,E763885
E891495,E334810
E256487,E913509
E256487,E958714
E256487,E507518
E256487,E889584
E256487,E652421
E525346,E006202
E525346,E275752
E525346,E015104
E823538,E710111
E823538,E722301
E823538,E348570
E823538,E157774
E259758,E113433
E259758,E450999
E259758,E071939
E259758,E201825
E259758,E631007
E851143,E117556
E851143,E978967
E103180,E577753
E103180,E221831
E103180,E003010
E103180,E388588
E363529,E939079
E363529,E267748
E190490,E801866
E190490,E395255
E190490,E212276
E190490,E212440
E190490,E273466
E565510,E482712
E565510,E958714
E523864,E476776
E523864,E369229
E523864,E527046
E252413,E818868
E252413,E413567
E252413,E766745
E234312,E458478
E234312,E230616
E485457,E981285
E485457,E631065
E485457,E731911
E485457,E829675
E485457,E875826
E267905,E703984
E267905,E120905
E357727,E748647
E357727,E563227
E357727,E399691
E357727,E991816
E357727,E312344
E264523,E169926
E264523,E497343
E264523,E938246
E130493,E626678
E130493,E993887
E130493,E843959
E130493,E192106
E491128,E655294
E491128,E889925
E491128,E345659
E491128,E295946
E812389,E167621
E812389,E418560
E812389,E326993
E812389,E258387
E763885,E487621
E763885,E889529
E763885,E006202
E763885,E669422
E142010,E743235
E142010,E430761
E142010,E807428
E142010,E205504
E404677,E556467
E404677,E431736
E404677,E142010
E616136,E679689
E616136,E376185
E562829,E667981
E562829,E461936
E562829,E051321
E562829,E713996
E799523,E867378
E799523,E576097
E799523,E568312
E552102,E369163
E552102,E232815
E552102,E631920
E552102,E216544
E552102,E450999
E939079,E918589
E939079,E186510
E939079,E466974
E173367,E748647
E173367,E383818
E173367,E499487
E173367,E318700
E977774,E173985
E977774,E757194
E977774,E639124
E000283,E170020
E000283,E376185
E000283,E705174
E000283,E679432
E244453,E670937
E244453,E560892
E244453,E874322
E244453,E123674
E244453,E147170
E324109,E725540
E324109,E783284
E728656,E277337
E728656,E866375
E728656,E844948
E728656,E627596
E728656,E464300
E222459,E257831
E222459,E764237
E345659,E871814
E345659,E592577
E345659,E336750
E409438,E476776
E409438,E989141
E271293,E972389
E271293,E971115
E271293,E788417
E271293,E821027
E979341,E185184
E979341,E788426
E979341,E721255
E979341,E669422
E979341,E652421
E277515,E838293
E277515,E329019
E277515,E023463
E277515,E528401
E920326,E477749
E920326,E772580
E283095,E261792
E283095,E485822
E462231,E737530
E462231,E660585
E462231,E296720
E462231,E821027
E462231,E272928
E697870,E125624
E697870,E318700
E697870,E750893
E697870,E976447
E838544,E504519
E838544,E261309
E838544,E051115
E123297,E395052
E123297,E215583
E123297,E142010
E123297,E697870
E896104,E007274
E896104,E748647
E896104,E782654
E896104,E540864
E232432,E348570
E232432,E710111
E232432,E311882
E041298,E418858
E041298,E093354
E041298,E569371
E068163,E219782
E068163,E547692
E068163,E188933
E119300,E103180
E119300,E106733
E119300,E330022
E660585,E357879
E660585,E117556
E113433,E076381
E113433,E750291
E113433,E663657
E113433,E712188
E052784,E468700
E052784,E207268
E052784,E210638
E828317,E533806
E828317,E012642
E828317,E865823
E828317,E252653
E828317,E735866
E097861,E930442
E097861,E422087
E097861,E226876
E097861,E466722
E135206,E410581
E135206,E880136
E840443,E295377
E840443,E859670
E840443,E753422
E840443,E383366
E840443,E556467
E949079,E090916
E949079,E053253
E949079,E363529
E949079,E611515
E949079,E713932
E080752,E950942
E080752,E355847
E080752,E776992
E080752,E305206
E873757,E329547
E873757,E356404
E873757,E807860
E873757,E332513
E589506,E632122
E589506,E783576
E589506,E667981
E589506,E272928
E589506,E252577
E793710,E326300
E793710,E976447
E793710,E712515
E793710,E170228
E803626,E691634
E803626,E801680
E803626,E648614
E277950,E185165
E277950,E070719
E277950,E259758
E277950,E369163
E295720,E189883
E295720,E871814
E295720,E117556
E295720,E817391
E295720,E020507
E052588,E642110
E052588,E978489
E052588,E726406
E794441,E350051
E794441,E386527
E794441,E299262
E794441,E889529
E794441,E811552
E811189,E242659
E811189,E746295
E811189,E222459
E811189,E755488
E811189,E535155
E899709,E811552
E899709,E800420
E899709,E478571
E252912,E554876
E252912,E655294
E252912,E252577
E252912,E978967
E311882,E348570
E311882,E823538
E311882,E445894
E311882,E874322
E311882,E158047
E446653,E939804
E446653,E874115
E446653,E708775
E446653,E476776
E464305,E915767
E464305,E852860
E464305,E639124
E648614,E739743
E648614,E010693
E648614,E487412
E648614,E646698
E996127,E677881
E996127,E084816
E996127,E705309
E996127,E576097
E996127,E380077
E845063,E215321
E845063,E874115
E845063,E887087
E845063,E992881
E422087,E126519
E422087,E912173
E422087,E593054
E422087,E942609
E422087,E338393
E120034,E748647
E120034,E499487
E120034,E961847
E120034,E991816
E649440,E341941
E649440,E381744
E038473,E507688
E038473,E643498
E038473,E364556
E273466,E676842
E273466,E865756
E639195,E937754
E639195,E913397
E639195,E616136
E639195,E414489
E654020,E338381
E654020,E609649
E654020,E173367
E654020,E972598
E468700,E818868
E468700,E719330
E468700,E865253
E776447,E989080
E776447,E837193
E776447,E334982
E776447,E811552
E776447,E533455
E075942,E785204
E075942,E183219
E075942,E552063
E075942,E262215
E075942,E535185
E305206,E776992
E305206,E166636
E305206,E958993
E305206,E473868
E788417,E427198
E788417,E164446
E788417,E737530
E788417,E585339
E202473,E039431
E202473,E737374
E076912,E764237
E076912,E556181
E076912,E809136
E862954,E108350
E862954,E307362
E862954,E430870
E862954,E346127
E862954,E961931
E552514,E266294
E552514,E236141
E552514,E092924
E552514,E208982
E634957,E873041
E634957,E726724
E634957,E214303
E460428,E478033
E460428,E494728
E992881,E222946
E992881,E646653
E992881,E369229
E791801,E282750
E791801,E756355
E791801,E480744
E061551,E003781
E061551,E565510
E061551,E967299
E061551,E067208
E061551,E507518
E275752,E084794
E275752,E708977
E275752,E889529
E275752,E837193
E177180,E066047
E177180,E232432
E177180,E445894
E177180,E993077
E177180,E560892
E130055,E466974
E130055,E370337
E130055,E611515
E980146,E942609
E980146,E466722
E980146,E097861
E980146,E737374
E980146,E669459
E205938,E844706
E205938,E277515
E205938,E719330
E478073,E871814
E478073,E094395
E478073,E462231
E478073,E666634
E933670,E679935
E933670,E801866
E933670,E453120
E933670,E738365
E681151,E527378
E681151,E222352
E681151,E232815
E681151,E609508
E696015,E823538
E696015,E394770
E401052,E801866
E401052,E408839
E401052,E726724
E647351,E956360
E647351,E350051
E675352,E232815
E675352,E464161
E675352,E466335
E675352,E450999
E699608,E496570
E699608,E214028
E699608,E825196
E699608,E537427
E329547,E158047
E329547,E126643
E329547,E147170
E210638,E528401
E210638,E253110
E210638,E902928
E058072,E550203
E058072,E939079
E058072,E370337
E428155,E746707
E428155,E607744
E428155,E656687
E428155,E952490
E344750,E044115
E344750,E928015
E538949,E766745
E538949,E468700
E538949,E605010
E538949,E207268
E480744,E889621
E480744,E491095
E480744,E423307
E480744,E010693
E490198,E160851
E490198,E643498
E490198,E560731
E779214,E807928
E779214,E925634
E779214,E214028
E779214,E496570
E560057,E362147
E560057,E912173
E560057,E829320
E560057,E338393
E560057,E766802
E257831,E329019
E257831,E205938
E257831,E891187
E226876,E566598
E226876,E362147
E226876,E422087
E226876,E202473
E874115,E255625
E874115,E989141
E874115,E621382
E874115,E319528
E874115,E928015
E166636,E055560
E166636,E776992
E166636,E471278
E641246,E774011
E641246,E978967
E641246,E156990
E369445,E186536
E369445,E537427
E369445,E311540
E391955,E887434
E391955,E491095
E391955,E815847
E391955,E712941
E391955,E646698
E497343,E068640
E217071,E596445
E217071,E453120
E471256,E202152
E485349,E626678
E485349,E530630
E485349,E430761
E485349,E817192
E485349,E611019
E785204,E364556
E785204,E411273
E785204,E199145
E785204,E639839
E785204,E190723
E527378,E076381
E527378,E232815
E849772,E666634
E849772,E051321
E849772,E889925
E849772,E188668
E849772,E284720
E232329,E252653
E232329,E087735
E232329,E915297
E165381,E073277
E165381,E103679
E552063,E439185
E552063,E699457
E552063,E914244
E552063,E419438
E317896,E421972
E317896,E185165
E490081,E068163
E490081,E676176
E386186,E415491
E386186,E609649
E752280,E538949
E752280,E764237
E752280,E119337
E752280,E902928
E752280,E278128
E541843,E621660
E541843,E210592
E541843,E372542
E486135,E462847
E486135,E162228
E641843,E992881
E641843,E845063
E641843,E887087
E641843,E097123
E641843,E527046
E911581,E920326
E911581,E609354
E911581,E737530
E829320,E330317
E829320,E517121
E200670,E165381
E200670,E422087
E200670,E862784
E748894,E715084
E748894,E448593
